,account_id,team_name,team_id,competition_id,competition_name,season_id,season_name,team_female,team_season_matches,team_season_minutes,Goal Difference,xG Difference,Shots,team_season_op_shots_pg,team_season_op_shots_outside_box_pg,team_season_sp_shots_pg,xG,team_season_op_xg_pg,team_season_sp_xg_pg,team_season_np_xg_per_shot,team_season_np_shot_distance,team_season_op_shot_distance,team_season_sp_shot_distance,team_season_possessions,team_season_possession,team_season_directness,team_season_pace_towards_goal,team_season_gk_pass_distance,team_season_gk_long_pass_ratio,team_season_box_cross_ratio,team_season_passes_inside_box_pg,team_season_defensive_distance,team_season_ppda,team_season_defensive_distance_ppda,team_season_opp_passing_ratio,team_season_opp_final_third_pass_ratio,team_season_np_shots_conceded_pg,team_season_op_shots_conceded_pg,team_season_op_shots_conceded_outside_box_pg,team_season_sp_shots_conceded_pg,team_season_np_xg_conceded_pg,team_season_op_xg_conceded_pg,team_season_sp_xg_conceded_pg,team_season_np_xg_per_shot_conceded,team_season_np_shot_distance_conceded,team_season_op_shot_distance_conceded,team_season_sp_shot_distance_conceded,team_season_deep_completions_conceded_pg,team_season_passes_inside_box_conceded_pg,team_season_corners_pg,team_season_corner_xg_pg,team_season_xg_per_corner,team_season_free_kicks_pg,team_season_free_kick_xg_pg,team_season_xg_per_free_kick,team_season_direct_free_kicks_pg,team_season_direct_free_kick_xg_pg,team_season_xg_per_direct_free_kick,team_season_throw_ins_pg,team_season_throw_in_xg_pg,team_season_xg_per_throw_in,team_season_ball_in_play_time,team_season_counter_attacking_shots_pg,team_season_high_press_shots_pg,team_season_shots_in_clear_pg,team_season_counter_attacking_shots_conceded_pg,team_season_shots_in_clear_conceded_pg,team_season_aggressive_actions_pg,team_season_aggression,team_season_goals_pg,team_season_own_goals_pg,team_season_penalty_goals_pg,team_season_goals_conceded_pg,team_season_opposition_own_goals_pg,team_season_penalty_goals_conceded_pg,team_season_shots_from_corners_pg,team_season_goals_from_corners_pg,team_season_shots_from_free_kicks_pg,team_season_goals_from_free_kicks_pg,team_season_direct_free_kick_goals_pg,team_season_shots_from_direct_free_kicks_pg,team_season_shots_from_throw_ins_pg,team_season_goals_from_throw_ins_pg,team_season_direct_free_kick_goals_conceded_pg,team_season_shots_from_direct_free_kicks_conceded_pg,team_season_corners_conceded_pg,team_season_corner_xg_conceded_pg,team_season_shots_from_corners_conceded_pg,team_season_goals_from_corners_conceded_pg,team_season_free_kicks_conceded_pg,team_season_free_kick_xg_conceded_pg,team_season_shots_from_free_kicks_conceded_pg,team_season_goals_from_free_kicks_conceded_pg,team_season_direct_free_kicks_conceded_pg,team_season_direct_free_kick_xg_conceded_pg,team_season_throw_ins_conceded_pg,team_season_throw_in_xg_conceded_pg,team_season_shots_from_throw_ins_conceded_pg,team_season_goals_from_throw_ins_conceded_pg,team_season_corner_shot_ratio,team_season_corner_goal_ratio,team_season_free_kick_shot_ratio,team_season_free_kick_goal_ratio,team_season_direct_free_kick_goal_ratio,team_season_throw_in_shot_ratio,team_season_throw_in_goal_ratio,team_season_xg_per_corner_conceded,team_season_corner_shot_ratio_conceded,team_season_corner_goal_ratio_conceded,team_season_xg_per_free_kick_conceded,team_season_free_kick_shot_ratio_conceded,team_season_free_kick_goal_ratio_conceded,team_season_xg_per_direct_free_kick_conceded,team_season_direct_free_kick_goal_ratio_conceded,team_season_xg_per_throw_in_conceded,team_season_throw_in_shot_ratio_conceded,team_season_throw_in_goal_ratio_conceded,team_season_direct_free_kick_shot_ratio,team_season_direct_free_kick_shot_ratio_conceded,team_season_sp_pg,team_season_xg_per_sp,team_season_sp_shot_ratio,team_season_sp_goals_pg,team_season_sp_goal_ratio,team_season_sp_pg_conceded,team_season_xg_per_sp_conceded,team_season_sp_shot_ratio_conceded,team_season_sp_goals_pg_conceded,team_season_sp_goal_ratio_conceded,team_season_penalties_won_pg,team_season_penalties_conceded_pg,team_season_completed_dribbles_pg,team_season_failed_dribbles_pg,team_season_total_dribbles_pg,team_season_dribble_ratio,team_season_completed_dribbles_conceded_pg,team_season_failed_dribbles_conceded_pg,team_season_total_dribbles_conceded_pg,team_season_opposition_dribble_ratio,team_season_high_press_shots_conceded_pg,team_season_gd_pg,team_season_np_gd_pg,team_season_xgd_pg,team_season_np_xgd_pg,team_season_deep_completions_pg,team_season_passing_ratio,team_season_pressures_pg,team_season_counterpressures_pg,team_season_pressure_regains_pg,team_season_counterpressure_regains_pg,team_season_defensive_action_regains_pg,team_season_yellow_cards_pg,team_season_second_yellow_cards_pg,team_season_red_cards_pg,team_season_fhalf_pressures_pg,team_season_fhalf_counterpressures_pg,team_season_fhalf_pressures_ratio,team_season_fhalf_counterpressures_ratio,team_season_crosses_into_box_pg,team_season_successful_crosses_into_box_pg,team_season_successful_box_cross_ratio,team_season_deep_progressions_pg,team_season_deep_progressions_conceded_pg,team_season_obv_pg,team_season_obv_pass_pg,team_season_obv_shot_pg,team_season_obv_defensive_action_pg,team_season_obv_dribble_carry_pg,team_season_obv_gk_pg,team_season_obv_conceded_pg,team_season_obv_pass_conceded_pg,team_season_obv_shot_conceded_pg,team_season_obv_defensive_action_conceded_pg,team_season_obv_dribble_carry_conceded_pg,team_season_obv_gk_conceded_pg,team_season_passes_pg,team_season_successful_passes_pg,team_season_passes_conceded_pg,team_season_successful_passes_conceded_pg,team_season_op_passes_pg,team_season_op_passes_conceded_pg
0,461,Huddersfield Town,32,3,Championship,281,2023/2024,False,46,,-29,-16.860634,11.478260869565217,8.08695652173913,3.0652173913043477,3.391304347826087,0.9716114777585735,0.653500690408375,0.31811078566976864,0.08464795892888849,16.06289395419034,17.115105741767472,13.553773537660257,174.95652173913044,0.399083651518322,0.8456618625359673,2.90091857120576,46.59200541178385,0.3741223671013039,0.3363119415109667,1.9782608695652173,44.906155493951616,12.349579831932774,3.6362496623436593,0.8096125475580402,0.7016255267910897,13.73913043478261,10.347826086956522,3.891304347826087,3.391304347826087,1.287049201519593,0.9985202871586966,0.2885289108785598,0.09367764147022102,16.19013301028481,16.92115796513918,13.959564991486378,4.913043478260869,2.6956521739130435,5.043478260869565,0.2064887658470189,0.040941739904469455,13.434782608695652,0.0938337280050568,0.0069843881724336,0.30434782608695654,0.013595676444389897,0.0446715099470956,21.347826086956523,0.004192617195455924,0.00019639551396768108,53.04835,0.9565217391304348,2.608695652173913,1.3478260869565217,0.9130434782608695,1.7173913043478262,105.45652173913044,0.1883298392732355,1.0434782608695652,0.021739130434782608,0.021739130434782608,1.673913043478261,0.043478260869565216,0.06521739130434782,2.0,0.17391304347826086,1.0,0.10869565217391304,0.0,0.32608695652173914,0.06521739130434782,0.0,0.043478260869565216,0.34782608695652173,6.0,0.200427073742384,2.5652173913043477,0.1956521739130435,12.5,0.0669185929000378,0.43478260869565216,0.021739130434782608,0.304347826086957,0.0194043055500673,22.695652173913,0.00177894002231567,0.043478260869565216,0.0,0.39655172413793105,0.034482758620689655,0.0744336569579288,0.008090614886731391,0.0,0.003054989816700611,0.0,0.0334045057711394,0.427536231884058,0.0326086956521739,0.00535348767819612,0.0347826086956522,0.00173913043478261,0.0637570066111428,0.142857142857143,7.8382412992218e-05,0.00191570881226054,0.0,1.07142857142857,1.14285714285714,40.1304347826087,0.00792692128653645,0.0845070422535211,0.282608695652174,0.00704225352112676,41.5,0.00695250407758966,0.0817181770560503,0.260869565217391,0.00628601361969618,0.021739130434782608,0.08695652173913043,5.608695652173913,5.173913043478261,10.782608695652174,0.5201613,6.304347826086956,6.217391304347826,12.521739130434783,0.5034722,2.8260869565217392,-0.6304347826086957,-0.6086956521739131,-0.3665355505502742,-0.3154377234370812,3.0434782608695654,0.7035157665820949,172.91304347826087,29.0,26.02173913043478,2.5869565217391304,47.82608695652174,1.9130434782608696,0.043478260869565216,0.0,82.8913043478261,21.195652173913043,0.4793814432989691,0.7308845577211395,9.0,2.3478260869565215,0.2583732057416268,31.456521739130434,47.891304347826086,1.3577360863311458,0.7755848862554716,-0.25501668023998325,0.4461450484864738,0.696492771739545,-0.3054698889609426,1.747500426257434,0.7766584115831748,-0.13854491678269013,0.34681868974281393,0.9046061910364939,-0.14230947326058926,359.8695652173913,253.17391304347825,559.9565217391304,453.3478260869565,308.95652173913044,508.9130434782609
1,461,Queens Park Rangers,49,3,Championship,281,2023/2024,False,46,,-11,-7.136375,11.369565217391305,8.08695652173913,3.0869565217391304,3.282608695652174,0.8867186350019082,0.630045132468576,0.25667350508434617,0.07799055197954634,16.701946776410132,17.714554981518816,14.207299643004967,173.8913043478261,0.46339216769854036,0.8388484359149314,2.425082432342825,40.07171354166667,0.38181818181818183,0.34541062801932365,2.1956521739130435,44.655049439029916,11.856392294220665,3.7663269172357583,0.8085683987274656,0.6798675665350822,12.130434782608695,8.826086956521738,3.6521739130434785,3.3043478260869565,1.058889806918476,0.7690711237652146,0.2898186725442824,0.08729198414792297,16.560074344758064,17.305330924799875,14.569453189247533,3.739130434782609,2.282608695652174,5.369565217391305,0.16449645412680897,0.030634966939084442,12.58695652173913,0.05445228227535668,0.004326088234962371,0.2391304347826087,0.008507281197639912,0.03557590462944724,23.369565217391305,0.02921748493352662,0.0012502366443013036,52.785065,0.8043478260869565,2.0217391304347827,1.3478260869565217,0.6739130434782609,1.9565217391304348,92.8913043478261,0.18125132555673382,1.0217391304347827,0.021739130434782608,0.021739130434782608,1.2608695652173914,0.06521739130434782,0.021739130434782608,2.239130434782609,0.10869565217391304,0.6739130434782609,0.08695652173913043,0.0,0.2391304347826087,0.13043478260869565,0.0,0.0,0.41304347826086957,5.5,0.202926364241411,2.0217391304347827,0.1956521739130435,13.1304347826087,0.0643543363751277,0.782608695652174,0.15217391304347827,0.41304347826087,0.0190542654599994,22.695652173913,0.00348370805706667,0.08695652173913043,0.0,0.41700404858299595,0.020242914979757085,0.0535405872193437,0.0069084628670120895,0.0,0.005581395348837209,0.0,0.0368957029500969,0.367588932806324,0.0355731225296443,0.00490115849387567,0.0596026490066225,0.0115894039735099,0.0461313755888688,0.0,0.000153496718726396,0.00383141762452107,0.0,1.0,1.0,41.5652173913044,0.00617519931314381,0.0789748953974895,0.195652173913043,0.0047071129707113,41.7391304347826,0.00694357206424077,0.0791666666666667,0.347826086956522,0.00833333333333333,0.043478260869565216,0.021739130434782608,6.391304347826087,5.608695652173913,12.0,0.5326087,5.413043478260869,5.586956521739131,11.0,0.49209487,2.6739130434782608,-0.2391304347826087,-0.2826086956521739,-0.15513856903366421,-0.17217117288838263,3.5869565217391304,0.7692843288407022,151.3913043478261,25.52173913043478,23.565217391304348,3.130434782608696,42.56521739130435,2.108695652173913,0.043478260869565216,0.043478260869565216,68.97826086956522,17.347826086956523,0.45562894887995403,0.6797274275979557,9.326086956521738,2.0652173913043477,0.2423469387755102,33.95652173913044,44.02173913043478,1.3167545416432878,0.6370465538423994,-0.25512079522013664,0.37845845650071686,0.7361651084021382,-0.17979486435449318,1.3903615947650827,0.7162358891218901,-0.1628277845599729,0.3174276253937379,0.6874044226563495,-0.16797258087393382,437.10869565217394,336.2608695652174,512.5,414.39130434782606,384.5,461.5869565217391
2,461,Preston North End,51,3,Championship,281,2023/2024,False,46,,-11,-16.200909,9.369565217391305,6.434782608695652,2.6956521739130435,2.9347826086956523,0.8282684288595034,0.5816534815923028,0.24661494261058775,0.08839987380875236,16.733456215559745,18.22826653557855,13.455939850983796,178.3913043478261,0.4478874645969838,0.8525327265383545,2.653151470672616,55.232670931208055,0.336283185840708,0.33076263924592975,1.934782608695652,43.720146480629076,9.886778115501519,4.422082297172229,0.7808468338902753,0.6662819032961396,13.304347826086957,10.043478260869565,4.326086956521739,3.260869565217391,1.1634294970527939,0.8891956718719524,0.27423381860084506,0.08744730357251136,17.200372434129903,17.79294338474026,15.375237630208334,3.8043478260869565,2.239130434782609,4.195652173913044,0.1977911901295833,0.047141939864875124,10.695652173913043,0.043308555917895356,0.004049173942426356,0.13043478260869565,0.003958762350046764,0.03035051127274831,24.282608695652176,0.0015564333323551261,6.409663116707797e-05,51.6051,0.717391304347826,2.0434782608695654,1.5217391304347827,0.8478260869565217,2.0,105.91304347826087,0.20608265301806183,1.2173913043478262,0.043478260869565216,0.06521739130434782,1.4565217391304348,0.06521739130434782,0.08695652173913043,2.108695652173913,0.10869565217391304,0.6521739130434783,0.06521739130434782,0.0,0.13043478260869565,0.043478260869565216,0.0,0.0,0.43478260869565216,5.19565217391304,0.150965576444793,1.7608695652173914,0.08695652173913043,13.9782608695652,0.0763068321849341,0.9565217391304348,0.043478260869565216,0.41304347826087,0.0201471360076381,27.1086956521739,0.0268142752187408,0.10869565217391304,0.06521739130434782,0.5025906735751295,0.025906735751295335,0.06097560975609756,0.006097560975609756,0.0,0.0017905102954341987,0.0,0.0290561340842786,0.338912133891213,0.0167364016736402,0.00545896490105945,0.0684292379471229,0.0031104199066874,0.0487772759638335,0.0,0.000989139223442903,0.00400962309542903,0.00240577385725742,1.0,1.05263157894737,39.304347826087,0.00627449444964924,0.0746681415929204,0.173913043478261,0.00442477876106195,46.695652173913,0.00587279081788587,0.0698324022346369,0.195652173913043,0.00418994413407821,0.06521739130434782,0.08695652173913043,6.260869565217392,4.869565217391305,11.130434782608695,0.5625,8.065217391304348,7.478260869565218,15.543478260869565,0.51888114,2.3260869565217392,-0.2391304347826087,-0.2391304347826087,-0.35219368468160217,-0.335161074348118,2.8478260869565215,0.7173322182730504,181.1304347826087,31.08695652173913,29.782608695652176,3.1521739130434785,51.67391304347826,2.369565217391304,0.021739130434782608,0.0,86.08695652173913,23.02173913043478,0.47527604416706676,0.7405594405594406,8.391304347826088,1.8478260869565217,0.25,36.0,43.19565217391305,1.4973539125336253,0.6640996381883388,0.03554251441813033,0.4037295783991399,0.6136218409013489,-0.21963962086516878,1.635953374530958,0.7447230818316989,-0.04615722673580698,0.2714393923625998,0.8606976503911226,-0.1946697292201545,415.9130434782609,298.3478260869565,513.9347826086956,401.30434782608694,365.7826086956522,458.7173913043478
3,461,Sheffield Wednesday,52,3,Championship,281,2023/2024,False,46,,-24,-12.706228,11.26086956521739,7.543478260869565,2.8043478260869565,3.717391304347826,0.9716893726068995,0.6486595431747644,0.32302982708358247,0.08628899710518974,16.14073811534749,17.043787711635446,14.308228252923977,177.3695652173913,0.4347786819705855,0.8699067953872984,2.6802588968734415,40.926458621883654,0.3651315789473684,0.3371710526315789,1.891304347826087,43.98586218341503,11.613765182186235,3.787390350450921,0.8104334453033307,0.6846403110823072,12.673913043478262,9.521739130434783,4.1521739130434785,3.1521739130434785,1.1286835286604322,0.8466224587805893,0.28206106526372227,0.0890556453227179,17.245221041487994,18.24008387735445,14.240034011314656,3.739130434782609,2.5434782608695654,5.3478260869565215,0.18437315430492163,0.034476280212402344,11.826086956521738,0.07253864099797995,0.006133782513001386,0.34782608695652173,0.042157258706815214,0.12120211869478226,22.565217391304348,0.02396077379260374,0.0010618454918466323,52.051067,0.8478260869565217,2.630434782608696,1.7826086956521738,0.9565217391304348,1.9565217391304348,111.71739130434783,0.20798089764863006,0.9565217391304348,0.06521739130434782,0.0,1.4782608695652173,0.021739130434782608,0.10869565217391304,2.1956521739130435,0.10869565217391304,0.8043478260869565,0.06521739130434782,0.021739130434782608,0.391304347826087,0.32608695652173914,0.021739130434782608,0.021739130434782608,0.4782608695652174,5.15217391304348,0.184472521524067,2.0,0.21739130434782608,13.5,0.056797520176548,0.5434782608695652,0.06521739130434782,0.434782608695652,0.0218857517870872,25.8913043478261,0.0189052718165128,0.13043478260869565,0.021739130434782608,0.4105691056910569,0.02032520325203252,0.06801470588235294,0.0055147058823529415,0.0625,0.014450867052023121,0.0009633911368015414,0.0358047927985211,0.388185654008439,0.0421940928270042,0.00420722370178419,0.0402576489533011,0.00483091787439614,0.0503372311592102,0.05,0.000730178418227547,0.00503778337531486,0.000839630562552477,1.125,1.1,40.0869565217391,0.00805822784109385,0.0927331887201735,0.217391304347826,0.00542299349240781,44.9782608695652,0.00627105347830181,0.070082165297245,0.326086956521739,0.00724987916868052,0.0,0.15217391304347827,7.5,7.1521739130434785,14.652173913043478,0.51186943,8.130434782608695,7.108695652173913,15.23913043478261,0.53352356,2.6521739130434785,-0.5217391304347826,-0.3695652173913043,-0.27622240069119824,-0.156994152976119,2.6521739130434785,0.7403480152256662,176.95652173913044,29.543478260869566,27.73913043478261,2.9565217391304346,48.130434782608695,2.3043478260869565,0.043478260869565216,0.06521739130434782,84.84782608695652,20.195652173913043,0.47948402948402946,0.6835908756438558,8.91304347826087,2.4130434782608696,0.3274336283185841,30.52173913043478,41.95652173913044,1.3867152686352315,0.7767382303819709,-0.19294919312486183,0.39476971395070787,0.5952396455990232,-0.1870830483208208,1.7252492606639862,0.6950220140911962,-0.10198204361064278,0.4113299231166425,0.745231122750303,-0.02485397689872318,399.7826086956522,295.9782608695652,537.1521739130435,435.32608695652175,348.9347826086956,483.5652173913044
4,461,Ipswich Town,53,3,Championship,281,2023/2024,False,46,,35,25.19646,15.630434782608695,11.782608695652174,4.3478260869565215,3.8478260869565215,1.4853599761491236,1.1842918195154355,0.30106815541891946,0.09502997683550286,15.977809348922115,16.945000792781364,13.016124315854519,177.1304347826087,0.5292957390001746,0.8599788958034259,2.4450547507807223,28.123574455622933,0.5400410677618069,0.3082919914953933,3.3260869565217392,47.12450979047828,9.451515151515151,4.985921202583467,0.7831478089333521,0.6298597833014659,10.73913043478261,7.5,2.739130434782609,3.239130434782609,0.937610897033111,0.7051726216855256,0.23243828146192042,0.08730790296546843,16.829751945217613,17.38756793478261,15.538167863884228,2.782608695652174,1.7826086956521738,5.304347826086956,0.216326043009758,0.0407827799437476,11.804347826086957,0.057093590578955154,0.004836657648806634,0.2391304347826087,0.015610947273671627,0.06528214432976463,22.41304347826087,0.012037575042442135,0.0005370790118967643,54.668148,1.0217391304347827,3.239130434782609,2.5869565217391304,0.9130434782608695,1.5217391304347827,102.80434782608695,0.22211262974965948,2.0,0.13043478260869565,0.043478260869565216,1.2391304347826086,0.10869565217391304,0.043478260869565216,2.5869565217391304,0.2391304347826087,0.8478260869565217,0.13043478260869565,0.0,0.2608695652173913,0.15217391304347827,0.021739130434782608,0.021739130434782608,0.32608695652173914,5.1304347826087,0.130617492346336,1.9565217391304348,0.08695652173913043,13.695652173913,0.069545550028915,0.8913043478260869,0.08695652173913043,0.282608695652174,0.0160766857595223,21.3913043478261,0.0161985507558869,0.06521739130434782,0.021739130434782608,0.48770491803278687,0.045081967213114756,0.0718232044198895,0.011049723756906077,0.0,0.006789524733268671,0.0009699321047526673,0.0254593420836885,0.38135593220339,0.0169491525423729,0.00507792858850388,0.0650793650793651,0.00634920634920635,0.0568867325782776,0.0769230769230769,0.000757249269059034,0.00304878048780488,0.00101626016260163,1.09090909090909,1.15384615384615,39.7608695652174,0.00757196915482093,0.0967741935483871,0.391304347826087,0.00984144341170038,40.5,0.00573921613135264,0.0799785292538916,0.217391304347826,0.00536768652710682,0.06521739130434782,0.06521739130434782,5.543478260869565,5.630434782608695,11.173913043478262,0.49610895,7.173913043478261,6.239130434782608,13.41304347826087,0.534846,2.3478260869565215,0.7608695652173914,0.782608695652174,0.5477490749048151,0.5477490813835807,4.760869565217392,0.8090526315789474,164.8913043478261,30.97826086956522,29.195652173913043,3.1521739130434785,48.84782608695652,2.1956521739130435,0.0,0.0,87.34782608695652,21.26086956521739,0.5297297297297298,0.6863157894736842,9.456521739130435,3.239130434782609,0.27289377289377287,43.84782608695652,34.06521739130435,1.7308216567920602,0.7756283727029095,-0.03890100161990394,0.27754918012120156,0.8445518726240033,-0.1308515993050403,1.4469255264038625,0.5772583022227754,-0.17334039719856303,0.4630190814318864,0.790593674649363,-0.2154108794613017,516.304347826087,417.7173913043478,462.8478260869565,362.4782608695652,467.67391304347825,411.5217391304348
5,461,Birmingham City,54,3,Championship,281,2023/2024,False,46,,-15,-10.065758,12.782608695652174,9.673913043478262,3.9565217391304346,3.108695652173913,0.9955498006032861,0.777440872853217,0.21810892930902218,0.07788314300329507,17.04094088807398,17.653232531601123,15.135576581621503,184.7608695652174,0.4393574222010944,0.8629310264884005,2.5611791837948115,45.00241893305439,0.4148296593186373,0.2857142857142857,2.4347826086956523,43.74584178498986,11.062003179650238,3.9546039785511096,0.794312086815517,0.6582889058136583,13.478260869565217,9.608695652173912,3.5434782608695654,3.869565217391304,1.2654684435414232,0.88813642428621,0.37733202557200973,0.09388959330897177,16.182845577116936,17.14532222143665,13.792882340677668,3.8043478260869565,2.8043478260869565,4.369565217391305,0.13349403285057002,0.030550873694728264,11.804347826086957,0.06357315012618252,0.005385570104609537,0.32608695652173914,0.015690708067268133,0.04811817010243734,25.304347826086957,0.005351040471831094,0.0002114672303404595,51.52059,0.8913043478260869,3.1521739130434785,1.4130434782608696,0.8695652173913043,1.9782608695652173,106.93478260869566,0.20452372042742506,1.0869565217391304,0.06521739130434782,0.043478260869565216,1.4130434782608696,0.043478260869565216,0.0,2.0652173913043477,0.10869565217391304,0.6086956521739131,0.021739130434782608,0.043478260869565216,0.34782608695652173,0.08695652173913043,0.0,0.043478260869565216,0.5434782608695652,6.19565217391304,0.26668233750388,2.3478260869565215,0.17391304347826086,13.804347826087,0.0422332556918263,0.6739130434782609,0.021739130434782608,0.5,0.036779280670959,27.4565217391304,0.0316371522114977,0.30434782608695654,0.0,0.472636815920398,0.024875621890547265,0.05156537753222836,0.001841620626151013,0.133333333333333,0.003436426116838488,0.0,0.0430434645267955,0.378947368421053,0.0280701754385965,0.00305941705628643,0.0488188976377953,0.0015748031496063,0.0735585637714552,0.0869565217391304,0.00115226377878317,0.0110847189231987,0.0,1.06666666666667,1.08695652173913,41.804347826087,0.00521737464194613,0.0743629745189808,0.173913043478261,0.00416016640665627,47.9565217391304,0.00786820997028921,0.0806890299184043,0.239130434782609,0.00498640072529465,0.06521739130434782,0.0,8.217391304347826,8.043478260869565,16.26086956521739,0.5053476,7.0,7.282608695652174,14.282608695652174,0.49010655,2.3043478260869565,-0.32608695652173914,-0.34782608695652173,-0.2188208167967589,-0.26991864002269245,3.5217391304347827,0.7530340136054422,177.69565217391303,32.21739130434783,28.67391304347826,3.9565217391304346,49.26086956521739,2.1739130434782608,0.021739130434782608,0.043478260869565216,85.97826086956522,20.91304347826087,0.4838512356251529,0.6491228070175439,6.478260869565218,1.4782608695652173,0.2054380664652568,30.934782608695652,40.5,1.728825181155749,0.5823754263717843,-0.1780399959129484,0.6317124961187011,0.8050885595705198,-0.11231124440572508,1.612731506501365,0.7158486064037551,-0.2184172026489092,0.3734300538654561,0.8152442210475388,-0.07337389473357926,399.45652173913044,300.80434782608694,522.8478260869565,415.30434782608694,347.1304347826087,465.89130434782606
6,461,Plymouth Argyle,68,3,Championship,281,2023/2024,False,46,,-11,-19.501041,13.065217391304348,10.130434782608695,4.1521739130434785,2.9347826086956523,1.0665618352915929,0.8830475028118362,0.18351431956271763,0.08163366460562149,17.81630388155158,17.970237895654506,17.28494827835648,180.95652173913044,0.45019675068444837,0.8696268456876803,3.0580589900489055,41.746642871405754,0.3415892672858617,0.2560083594566353,1.7173913043478262,42.69992271669931,13.242334322453017,3.224501185134673,0.7980299678617638,0.6673528699442964,15.26086956521739,11.478260869565217,4.0,3.782608695652174,1.4564323185578636,1.1403518024346102,0.31608051118319447,0.09543574841273816,15.908549512553419,16.56900671756629,13.904404914242098,5.021739130434782,3.3478260869565215,5.369565217391305,0.12560763278895098,0.02339251514388482,13.934782608695652,0.041860768247557724,0.003004048432277257,0.30434782608695654,0.014740500933207248,0.048433073929377964,22.195652173913043,0.0013054166313098824,5.881406957909363e-05,53.711964,1.4565217391304348,2.9130434782608696,2.1521739130434785,0.9130434782608695,2.108695652173913,90.78260869565217,0.17429775867106306,1.2826086956521738,0.08695652173913043,0.021739130434782608,1.5217391304347827,0.043478260869565216,0.043478260869565216,2.0217391304347827,0.043478260869565216,0.5217391304347826,0.021739130434782608,0.043478260869565216,0.34782608695652173,0.043478260869565216,0.0,0.0,0.5434782608695652,7.1304347826087,0.219759040633621,2.5434782608695654,0.1956521739130435,10.9347826086957,0.0518232383967742,0.5652173913043478,0.043478260869565216,0.478260869565217,0.0327971378827225,25.195652173913,0.0117010936626922,0.13043478260869565,0.021739130434782608,0.3765182186234818,0.008097165991902834,0.0374414976599064,0.0015600624024961,0.142857142857143,0.0019588638589618022,0.0,0.030819866715408,0.356707317073171,0.0274390243902439,0.00473930157913602,0.0516898608349901,0.00397614314115308,0.0685758373954079,0.0,0.000464409204060091,0.00517687661777394,0.000862812769628991,1.14285714285714,1.13636363636364,41.804347826087,0.00438983776392071,0.0702028081123245,0.108695652173913,0.00260010400416017,43.7391304347826,0.00722649272820111,0.0864811133200795,0.260869565217391,0.00596421471172962,0.021739130434782608,0.06521739130434782,6.086956521739131,6.304347826086956,12.391304347826088,0.49122807,6.086956521739131,5.086956521739131,11.173913043478262,0.54474705,2.782608695652174,-0.2391304347826087,-0.17391304347826086,-0.4239357081444367,-0.3898704822944558,2.608695652173913,0.7636084059456689,157.2391304347826,28.934782608695652,25.67391304347826,3.608695652173913,46.891304347826086,2.1739130434782608,0.021739130434782608,0.021739130434782608,71.06521739130434,19.717391304347824,0.4519563113507535,0.681442524417731,5.326086956521739,1.173913043478261,0.15789473684210525,32.891304347826086,45.869565217391305,1.532023402335851,0.5325351136777065,-0.1615924603589203,0.4366779968790386,0.8401312044133311,-0.11572854998319046,1.655914880335331,0.8050349228610487,-0.2627065402010213,0.34567220310640073,1.0272186469772588,-0.25930423398866603,424.1304347826087,323.8695652173913,520.8478260869565,415.6521739130435,370.39130434782606,468.2391304347826
7,461,Rotherham United,73,3,Championship,281,2023/2024,False,46,,-52,-43.291763,8.304347826086957,5.304347826086956,2.1739130434782608,3.0,0.6588422238786259,0.4208698676615629,0.237972360043584,0.07933701520190813,16.30935301456152,17.909992155481557,13.479236547497736,171.97826086956522,0.3740530348106718,0.8330514840518106,2.9060574622679836,59.799854753521124,0.40223097112860895,0.3176991150442478,1.3043478260869565,42.22208510117493,13.861663652802893,3.0459608715608555,0.821661821888331,0.7056629365886741,15.673913043478262,11.478260869565217,4.173913043478261,4.195652173913044,1.531837096032889,1.2098519539703494,0.32198517204707733,0.09773161275707568,15.928713646411234,16.49353397253788,14.383510767487047,4.869565217391305,3.0869565217391304,3.4130434782608696,0.14936449524501097,0.043762844838913836,10.91304347826087,0.05325063595386303,0.0048795411311297774,0.2826086956521739,0.00957209662453312,0.03387049757517301,22.17391304347826,0.025785131298977394,0.0011628588040669759,51.697697,0.6521739130434783,1.4130434782608696,1.0869565217391304,1.1304347826086958,2.4130434782608696,103.5,0.1797349843331194,0.8043478260869565,0.021739130434782608,0.043478260869565216,1.934782608695652,0.0,0.10869565217391304,1.3695652173913042,0.10869565217391304,0.9130434782608695,0.043478260869565216,0.0,0.32608695652173914,0.391304347826087,0.021739130434782608,0.06521739130434782,0.32608695652173914,7.06521739130435,0.234371438946413,3.0652173913043477,0.1956521739130435,12.7173913043478,0.0466253532947082,0.6304347826086957,0.08695652173913043,0.304347826086957,0.0118496751453242,25.9782608695652,0.0291387054097393,0.17391304347826086,0.021739130434782608,0.4012738853503185,0.03184713375796178,0.08366533864541832,0.00398406374501992,0.0,0.01764705882352941,0.000980392156862745,0.0331725663405198,0.433846153846154,0.0276923076923077,0.00366626723199828,0.0495726495726496,0.00683760683760684,0.0389346522944314,0.214285714285714,0.00112165726378373,0.00669456066945607,0.000836820083682008,1.15384615384615,1.07142857142857,36.7826086956522,0.00646969725336025,0.0815602836879433,0.173913043478261,0.00472813238770686,46.0652173913044,0.00698976755254727,0.0910806984426616,0.369565217391304,0.00802265219443134,0.043478260869565216,0.13043478260869565,4.326086956521739,4.869565217391305,9.195652173913043,0.47044918,6.282608695652174,5.521739130434782,11.804347826086957,0.53222835,2.5652173913043477,-1.1304347826086958,-1.0434782608695652,-0.9411253009153449,-0.8729948647644209,1.9130434782608696,0.6843784593345055,173.19565217391303,26.434782608695652,26.08695652173913,2.4347826086956523,47.608695652173914,1.826086956521739,0.08695652173913043,0.0,75.04347826086956,19.043478260869566,0.4332873101543869,0.7203947368421053,7.804347826086956,1.826086956521739,0.25925925925925924,29.304347826086957,48.58695652173913,1.3645869296691988,0.6522547543534766,-0.2055697965881099,0.45822082223046734,0.5009008565026781,-0.04121966558792021,2.105097245910893,0.997006324565281,0.08214536783001992,0.23171319938062326,0.9180997661922289,-0.1271843012318843,333.8478260869565,228.47826086956522,575.8478260869565,473.1521739130435,285.5217391304348,521.3913043478261
8,461,Leeds United,101,3,Championship,281,2023/2024,False,49,,41,42.614212,14.877551020408163,11.448979591836734,3.4285714285714284,3.4285714285714284,1.5065999931218672,1.2127665381650536,0.2938334586440909,0.1012666490342882,15.24618752143347,15.873529063614082,13.151307605561756,167.16326530612244,0.5822281794542717,0.876122499368871,2.5231765094804515,31.519437835529526,0.3827993254637437,0.2393617021276596,4.1020408163265305,47.029411563321645,9.137877614252517,5.146644937547533,0.7800261096605744,0.621750212404418,9.244897959183673,6.285714285714286,2.5714285714285716,2.9591836734693877,0.7648404882270463,0.530771581646131,0.23406891083838988,0.08273109116038477,16.58524549875828,17.82253513088474,13.957060715247845,2.4081632653061225,1.653061224489796,5.959183673469388,0.2116877434832253,0.03552294104066614,12.918367346938776,0.04746136799150584,0.003673945181366015,0.5510204081632653,0.03051524787989198,0.0553795231713189,22.020408163265305,0.0041691004773791954,0.00018932893388905496,55.93054,1.326530612244898,4.040816326530612,2.2857142857142856,0.6122448979591837,0.9387755102040817,89.75510204081633,0.220827475396666,1.7346938775510203,0.04081632653061224,0.14285714285714285,0.8979591836734694,0.04081632653061224,0.02040816326530612,2.163265306122449,0.14285714285714285,0.5918367346938775,0.0,0.04081632653061224,0.6122448979591837,0.061224489795918366,0.0,0.0,0.24489795918367346,4.44897959183673,0.15784478187561,1.9387755102040816,0.16326530612244897,12.1428571428571,0.0627433181341205,0.6938775510204082,0.061224489795918366,0.244897959183673,0.00879003111349077,20.2857142857143,0.00469077735835192,0.08163265306122448,0.0,0.363013698630137,0.023972602739726026,0.045813586097946286,0.0,0.0740740740740741,0.0027803521779425394,0.0,0.0354788697093999,0.435779816513761,0.036697247706422,0.00516709640246479,0.0571428571428571,0.00504201680672269,0.035892628133297,0.0,0.000231235499832952,0.00402414486921529,0.0,1.11111111111111,1.0,41.4489795918367,0.00708904012795565,0.0827178729689808,0.183673469387755,0.00443131462333826,37.1224489795918,0.00630531814348704,0.0797141286421111,0.224489795918367,0.00604727872457394,0.1836734693877551,0.02040816326530612,8.489795918367347,8.10204081632653,16.591836734693878,0.51168513,5.36734693877551,6.0,11.36734693877551,0.47217235,2.0408163265306123,0.8367346938775511,0.7142857142857143,0.8696778684246297,0.741759509456401,5.408163265306122,0.8512375790424571,161.24489795918367,32.12244897959184,30.142857142857142,3.7755102040816326,47.38775510204081,1.5714285714285714,0.02040816326530612,0.02040816326530612,87.73469387755102,22.93877551020408,0.544108340716365,0.7141041931385006,6.428571428571429,1.9387755102040816,0.16550522648083624,47.3469387755102,30.959183673469386,1.9745431745196789,0.7831618677900762,-0.1393032697390537,0.3212189954154345,1.1431356923920768,-0.13645470069604926,1.4761102503659773,0.5242827571928501,-0.10005673826957236,0.5486729257569021,0.6111969503821159,-0.10791069200756598,564.795918367347,480.7755102040816,406.44897959183675,317.0408163265306,516.3061224489796,358.55102040816325
9,461,Bristol City,104,3,Championship,281,2023/2024,False,46,,2,-5.156443,11.543478260869565,8.23913043478261,3.0652173913043477,3.3043478260869565,0.9814644261546757,0.7272713611955228,0.25419307002068864,0.08502330887789107,16.464455699741055,17.547484385306728,13.76400435598273,173.8695652173913,0.47746337792515053,0.8330675563008497,2.4694154378965973,40.964263121746676,0.33832976445396146,0.32711111111111113,1.6521739130434783,44.571652846802074,12.566021867115223,3.5469978739607564,0.8057649667405765,0.6769706336939721,12.5,9.391304347826088,3.4565217391304346,3.108695652173913,1.1276262425210164,0.8941438777939134,0.23348236569891806,0.09021009362262228,16.137878736413043,16.88162570529514,13.891046697443182,4.130434782608695,2.6956521739130435,5.304347826086956,0.17399962076350398,0.032803211055818154,11.891304347826088,0.04624610041956539,0.0038890686070025514,0.2608695652173913,0.018340180668493977,0.07030402620633443,24.130434782608695,0.015607173068691855,0.0006467836934166986,56.7565,1.0217391304347827,3.3478260869565215,1.391304347826087,1.0,1.826086956521739,122.17391304347827,0.22656722434992946,1.1521739130434783,0.043478260869565216,0.15217391304347827,1.108695652173913,0.021739130434782608,0.08695652173913043,2.108695652173913,0.21739130434782608,0.6956521739130435,0.043478260869565216,0.021739130434782608,0.32608695652173914,0.17391304347826086,0.043478260869565216,0.0,0.2608695652173913,5.15217391304348,0.17228362765973,2.217391304347826,0.15217391304347827,11.1086956521739,0.0344215412826642,0.5652173913043478,0.021739130434782608,0.217391304347826,0.0234114556856777,21.9347826086957,0.00336574001804642,0.06521739130434782,0.0,0.3975409836065574,0.040983606557377046,0.05850091407678245,0.003656307129798903,0.0833333333333333,0.007207207207207207,0.0018018018018018018,0.0334390145313891,0.430379746835443,0.029535864978903,0.00309861242887792,0.050880626223092,0.00195694716242661,0.10769270658493,0.0,0.000153443060734109,0.00297324083250743,0.0,1.25,1.2,41.5869565217391,0.00611232602029213,0.0794563512807109,0.326086956521739,0.00784108729743858,38.4130434782609,0.0060782062852187,0.0809281267685342,0.173913043478261,0.00452744765138653,0.15217391304347827,0.10869565217391304,6.565217391304348,5.978260869565218,12.543478260869565,0.5233969,8.608695652173912,7.5,16.108695652173914,0.534413,2.8478260869565215,0.043478260869565216,0.0,-0.11209660638933597,-0.14616181798603223,2.5869565217391304,0.7741377014249567,209.43478260869566,36.369565217391305,36.30434782608695,4.086956521739131,57.52173913043478,1.5217391304347827,0.021739130434782608,0.0,106.78260869565217,25.76086956521739,0.5098609092796347,0.7083084279737,8.0,2.369565217391304,0.2780612244897959,36.91304347826087,40.76086956521739,1.7665712846058381,0.5478249248927054,-0.08806474393476611,0.3798046556260923,0.9186405999505002,0.008365891600513587,1.548798786557239,0.5796287996370507,-0.17810380264468814,0.3237970323990221,0.8255931488845659,-0.0019629950149227743,489.7173913043478,379.10869565217394,539.2391304347826,434.5,439.0652173913044,491.1304347826087
10,461,Blackburn Rovers,98,3,Championship,281,2023/2024,False,46,,-14,-5.404693,12.304347826086957,9.456521739130435,3.217391304347826,2.8478260869565215,1.2546743899583817,1.0334248811654423,0.22124951126296882,0.10197000537238778,15.891027012477915,16.35060165229885,14.364952960997137,181.65217391304347,0.5138789153701676,0.880495169644776,2.728565733839153,33.325956821710896,0.3359746434231379,0.25434439178515006,2.5217391304347827,44.47834464436027,10.698160535117056,4.15756937824579,0.7912165129556434,0.6580394260426445,14.521739130434783,10.543478260869565,4.021739130434782,3.9782608695652173,1.2870046690754269,0.9289243506348651,0.3580803053210611,0.08862606208481474,16.271611562032184,17.28454212306701,13.587063481898907,4.282608695652174,3.0217391304347827,5.065217391304348,0.14330747747874778,0.02829246357275181,11.08695652173913,0.027495453741563404,0.0024799821423549277,0.10869565217391304,0.02084085349317478,0.19173585176467894,24.043478260869566,0.029605727156867153,0.00123134120679031,55.791122,0.9347826086956522,2.8478260869565215,2.282608695652174,1.6521739130434783,2.239130434782609,102.30434782608695,0.20667545015371103,1.3043478260869565,0.06521739130434782,0.0,1.608695652173913,0.021739130434782608,0.08695652173913043,1.891304347826087,0.08695652173913043,0.6086956521739131,0.021739130434782608,0.0,0.15217391304347827,0.1956521739130435,0.0,0.021739130434782608,0.41304347826086957,6.10869565217391,0.262177861133671,2.717391304347826,0.2608695652173913,12.2173913043478,0.0518013247005318,0.6739130434782609,0.043478260869565216,0.391304347826087,0.0193127061483329,22.5652173913043,0.0247884167601233,0.17391304347826086,0.021739130434782608,0.37339055793991416,0.017167381974248927,0.054901960784313725,0.00196078431372549,0.0,0.0081374321880651,0.0,0.0429187957926577,0.444839857651246,0.0427046263345196,0.00423996601240491,0.0551601423487545,0.00355871886120996,0.049354698922899,0.0555555555555556,0.00109852325020498,0.00770712909441233,0.000963391136801541,1.4,1.05555555555556,40.304347826087,0.00548947024628311,0.0706580366774542,0.108695652173913,0.00269687162891046,41.2826086956522,0.00867387933314255,0.0963665086887836,0.347826086956522,0.00842548709847288,0.021739130434782608,0.13043478260869565,6.456521739130435,5.978260869565218,12.434782608695652,0.5192308,8.41304347826087,7.108695652173913,15.521739130434783,0.5420168,3.5869565217391304,-0.30434782608695654,-0.17391304347826086,-0.11749331070029218,-0.032330277173415474,4.043478260869565,0.802151872542934,174.7391304347826,32.82608695652174,30.108695652173914,3.4130434782608696,53.45652173913044,2.0652173913043477,0.043478260869565216,0.06521739130434782,82.1304347826087,22.804347826086957,0.47001741726797713,0.6947019867549669,7.0,1.5217391304347827,0.13409961685823754,41.52173913043478,43.34782608695652,1.407508432055297,0.6588340092288412,-0.08861937033741371,0.28844306698959804,0.788327585865298,-0.23947694942193187,1.9177141466542431,0.7277619759349719,-0.20231485893221005,0.5682540105898743,0.9947693004556324,-0.17018286678332673,525.3260869565217,421.39130434782606,495.0,391.6521739130435,473.80434782608694,443.9782608695652
11,461,Cardiff City,58,3,Championship,281,2023/2024,False,46,,-17,-24.246984,10.891304347826088,7.304347826086956,3.217391304347826,3.5869565217391304,0.8577957969644795,0.589715939582042,0.2680798550338849,0.07875970166600393,16.9039811002994,18.319847470238095,14.020763790246212,171.69565217391303,0.4544882863835681,0.8554104893037427,2.494090251108542,44.88617391811955,0.38762214983713356,0.36745689655172414,1.3695652173913042,42.25081782795937,14.144821264894592,2.98701673472678,0.8151083983987951,0.6605216441349174,12.73913043478261,8.630434782608695,2.9130434782608696,4.108695652173913,1.3508389773576155,0.9975878550144641,0.3532511376087432,0.10603853948287183,15.928452631719283,16.633127361460957,14.448256396742725,3.391304347826087,2.130434782608696,4.304347826086956,0.20120368841225686,0.04674429363674588,12.130434782608695,0.04629231831463783,0.003816212377240581,0.2608695652173913,0.012217280130995356,0.04683290421962738,22.891304347826086,0.008366567386395258,0.0003654910684877198,55.63416,0.9130434782608695,2.369565217391304,1.3695652173913042,0.6956521739130435,2.1739130434782608,95.8695652173913,0.17478498672268242,1.1521739130434783,0.021739130434782608,0.043478260869565216,1.5217391304347827,0.08695652173913043,0.043478260869565216,2.5434782608695654,0.3695652173913043,0.6739130434782609,0.043478260869565216,0.021739130434782608,0.2826086956521739,0.08695652173913043,0.021739130434782608,0.06521739130434782,0.5652173913043478,5.21739130434783,0.227123299937533,2.739130434782609,0.13043478260869565,10.0217391304348,0.0688015422986253,0.6739130434782609,0.043478260869565216,0.456521739130435,0.0374303125756104,22.6304347826087,0.0198959790008224,0.13043478260869565,0.0,0.5909090909090909,0.08585858585858586,0.05555555555555555,0.0035842293906810036,0.0833333333333333,0.003798670465337132,0.000949667616334283,0.0435319662094116,0.525,0.025,0.00686522988590398,0.0672451193058568,0.00433839479392625,0.0819902079445975,0.142857142857143,0.000879169083008047,0.00576368876080692,0.0,1.08333333333333,1.23809523809524,39.5869565217391,0.00677192348624768,0.0906095551894563,0.456521739130435,0.0115321252059308,38.3260869565217,0.00921698909419812,0.107203630175837,0.239130434782609,0.00623936471922859,0.043478260869565216,0.08695652173913043,6.391304347826087,7.195652173913044,13.58695652173913,0.4704,6.543478260869565,6.456521739130435,13.0,0.5033445,2.391304347826087,-0.3695652173913043,-0.43478260869565216,-0.527108397172845,-0.49304317780162976,1.9782608695652173,0.7795636644463751,160.91304347826087,29.32608695652174,27.065217391304348,3.282608695652174,48.08695652173913,1.7391304347826086,0.021739130434782608,0.0,73.97826086956522,18.804347826086957,0.45974061064577143,0.6412157153446998,7.413043478260869,1.9130434782608696,0.2838709677419355,31.282608695652176,42.54347826086956,1.246129004770647,0.5259854427093397,-0.16837906537820463,0.3970431227075017,0.641795636114219,-0.15031602990854045,1.7020797807237376,0.7317219493181809,-0.04498220769607503,0.3021243462420028,0.8507462500230126,-0.13753045722842216,450.39130434782606,351.10869565217394,548.5,447.0869565217391,400.45652173913044,501.39130434782606
12,461,Coventry City,90,3,Championship,281,2023/2024,False,46,,11,7.1138325,13.23913043478261,10.108695652173912,3.782608695652174,3.130434782608696,1.198005560947501,0.9603228154389755,0.23768273959665195,0.09048974925074084,16.195567464593594,16.603687836021507,14.877677069769966,175.6086956521739,0.5138634020110238,0.8732211070157639,2.6640136823846987,34.631158088235296,0.4384,0.2873303167420814,2.5434782608695654,44.12529828936079,10.986440677966101,4.016341559815315,0.8052139037433155,0.6705620478575404,13.434782608695652,9.934782608695652,3.8260869565217392,3.5,1.0944548728673353,0.8000534504004146,0.29440141698021605,0.08146426747146163,16.190107327063107,17.560130179841355,12.301290002668866,3.9565217391304346,2.739130434782609,6.173913043478261,0.18609963260267093,0.030142894932921504,13.08695652173913,0.03789464039120661,0.0028956037423143355,0.2826086956521739,0.013688465013452198,0.048436105251312256,21.108695652173914,0.0,0.0,54.587173,1.173913043478261,2.891304347826087,1.891304347826087,0.8478260869565217,1.7826086956521738,105.8913043478261,0.21706773618538325,1.5217391304347827,0.08695652173913043,0.06521739130434782,1.2826086956521738,0.08695652173913043,0.06521739130434782,2.3043478260869565,0.1956521739130435,0.5217391304347826,0.043478260869565216,0.043478260869565216,0.30434782608695654,0.0,0.0,0.021739130434782608,0.41304347826086957,5.45652173913043,0.191323663836912,2.217391304347826,0.15217391304347827,12.5434782608696,0.058269193072034,0.717391304347826,0.08695652173913043,0.347826086956522,0.0164722782235755,20.8695652173913,0.0283362820906484,0.15217391304347827,0.021739130434782608,0.3732394366197183,0.03169014084507042,0.03986710963455149,0.0033222591362126247,0.153846153846154,0.0,0.0,0.0350632990498942,0.406374501992032,0.0278884462151394,0.00464537734588676,0.0571923743500867,0.00693240901213172,0.0473577976226807,0.0625,0.00135778027276198,0.00729166666666667,0.00104166666666667,1.07692307692308,1.1875,40.6521739130435,0.00584674111024581,0.0770053475935829,0.282608695652174,0.00695187165775401,39.2173913043478,0.00750690976161915,0.0892461197339246,0.282608695652174,0.00720620842572062,0.13043478260869565,0.06521739130434782,6.434782608695652,5.673913043478261,12.108695652173912,0.5314183,6.869565217391305,6.478260869565218,13.347826086956522,0.514658,3.0869565217391304,0.2391304347826087,0.2391304347826087,0.15464851648911185,0.1035506828971531,3.891304347826087,0.8144373673036094,179.93478260869566,32.19565217391305,32.21739130434783,3.5,53.76086956521739,1.9565217391304348,0.0,0.06521739130434782,84.34782608695652,22.58695652173913,0.4687688776126616,0.7015530047265361,8.282608695652174,2.217391304347826,0.2111801242236025,43.02173913043478,41.608695652173914,1.7824981361627579,0.8094225862751836,-0.14207012206315994,0.41276565477575944,0.8162994945178861,-0.11391936048217442,1.6032910389096842,0.6394282490338968,-0.2978370186832288,0.4747058481949827,0.9729716105629569,-0.1862079598131063,511.95652173913044,416.95652173913044,487.82608695652175,392.80434782608694,460.95652173913044,438.32608695652175
13,461,Hull City,60,3,Championship,281,2023/2024,False,46,,8,9.59515,13.391304347826088,9.956521739130435,4.0,3.4347826086956523,1.152684392326552,0.8992169186796831,0.25346748109744943,0.0860770894335462,17.409005301339285,17.7432909303357,16.440003214003166,170.1304347826087,0.5543614575643946,0.8417682264071762,2.129631692304155,31.242937367864695,0.33473980309423346,0.2893356643356643,2.5,45.58616234955521,12.388834476003918,3.6796167095340238,0.8049063253570766,0.6629559103559397,13.326086956521738,10.152173913043478,4.130434782608695,3.1739130434782608,1.0122246019866155,0.7659628559713778,0.24626174846502102,0.07595812127018442,16.793636253568515,17.697253078158457,13.903306934931507,4.3478260869565215,2.6956521739130435,5.5,0.16574757323478875,0.03013592180998429,13.5,0.05913746162601139,0.004380552473083594,0.5652173913043478,0.028582447522279363,0.05056893825531006,20.043478260869566,0.0,0.0,57.976967,0.7391304347826086,2.4782608695652173,2.0434782608695654,1.0869565217391304,1.5217391304347827,90.19565217391305,0.19240400667779634,1.4782608695652173,0.0,0.08695652173913043,1.3043478260869565,0.0,0.06521739130434782,2.282608695652174,0.1956521739130435,0.5869565217391305,0.043478260869565216,0.021739130434782608,0.5652173913043478,0.0,0.0,0.021739130434782608,0.2608695652173913,4.95652173913043,0.170609279758418,2.0,0.17391304347826086,11.1304347826087,0.0548205903184641,0.8043478260869565,0.06521739130434782,0.260869565217391,0.0146676528308055,18.6086956521739,0.00616422372505717,0.10869565217391304,0.0,0.4150197628458498,0.03557312252964427,0.043478260869565216,0.00322061191626409,0.0384615384615385,0.0,0.0,0.0344211657842,0.403508771929825,0.0350877192982456,0.00492528732866049,0.072265625,0.005859375,0.0562260051568349,0.0833333333333333,0.000331255041550253,0.0058411214953271,0.0,1.0,1.0,39.6086956521739,0.00639928970588156,0.0867178924259056,0.260869565217391,0.00658616904500549,34.9565217391304,0.00704480166458965,0.0907960199004975,0.260869565217391,0.00746268656716418,0.15217391304347827,0.06521739130434782,7.608695652173913,7.0,14.608695652173912,0.5208333,6.326086956521739,5.108695652173913,11.434782608695652,0.55323195,3.5217391304347827,0.17391304347826086,0.15217391304347827,0.20859021855437238,0.1404597862907078,4.173913043478261,0.8482758620689655,151.47826086956522,30.282608695652176,28.782608695652176,3.217391304347826,50.91304347826087,2.1521739130434785,0.0,0.021739130434782608,75.65217391304348,20.543478260869566,0.49942594718714123,0.678391959798995,7.195652173913044,1.6304347826086958,0.19035532994923857,41.19565217391305,37.5,1.6502099503641543,0.5675906965752011,-0.030846003200048985,0.4716008448892314,0.9688511315895163,-0.32698683300986886,1.2154513633121615,0.5631225691379412,-0.34106277310005995,0.33624868362170196,0.794944914786712,-0.1378018404154674,583.1521739130435,494.67391304347825,468.7826086956522,377.32608695652175,533.9347826086956,424.19565217391306
14,461,Leicester City,22,3,Championship,281,2023/2024,False,46,,48,39.29188,14.152173913043478,11.434782608695652,3.5652173913043477,2.717391304347826,1.5660178078257518,1.337696940354679,0.22832088057032746,0.11065563664824549,15.38939192108295,15.805482117395437,13.638494140625,167.06521739130434,0.6160957333016821,0.8489080923070575,2.2485069054737545,29.25686749607271,0.47516556291390727,0.28466076696165193,4.043478260869565,45.50861059044049,9.568103448275862,4.75628329443292,0.7895865730065955,0.6425601157114446,10.673913043478262,7.586956521739131,3.239130434782609,3.0869565217391304,0.9162376003704317,0.6508091181800093,0.2654284875354041,0.08583897048732657,17.114422893329937,18.057127507163322,14.797488790162852,2.5869565217391304,1.9565217391304348,5.521739130434782,0.15014889465806924,0.027192320410660872,12.043478260869565,0.05945144869063212,0.004936402024775206,0.21739130434782608,0.008659483298011448,0.039833623170852664,20.065217391304348,0.010061055138383223,0.0005014176810420605,58.562363,1.0434782608695652,3.782608695652174,2.5434782608695654,0.9782608695652174,1.7391304347826086,86.52173913043478,0.21341626896884552,1.934782608695652,0.021739130434782608,0.2608695652173913,0.8913043478260869,0.021739130434782608,0.0,1.7173913043478262,0.13043478260869565,0.717391304347826,0.06521739130434782,0.021739130434782608,0.21739130434782608,0.06521739130434782,0.021739130434782608,0.043478260869565216,0.5,4.21739130434783,0.18382998491111,1.9782608695652173,0.17391304347826086,11.5,0.0490413061140672,0.5,0.021739130434782608,0.434782608695652,0.0248070860119618,19.7391304347826,0.00775011167254137,0.10869565217391304,0.0,0.3110236220472441,0.023622047244094488,0.05956678700361011,0.005415162454873646,0.1,0.0032502708559046588,0.0010834236186348862,0.0435885547362652,0.469072164948454,0.0412371134020619,0.00426446107024281,0.0434782608695652,0.00189035916824197,0.0570562958717346,0.1,0.000392626823307659,0.00550660792951542,0.0,1.0,1.15,37.8478260869565,0.00603260191468793,0.0717978173463527,0.239130434782609,0.00631820792647904,35.8913043478261,0.00739534229022095,0.0860084797092671,0.239130434782609,0.0066626287098728,0.2826086956521739,0.021739130434782608,7.695652173913044,6.369565217391305,14.065217391304348,0.54714066,6.1521739130434785,6.391304347826087,12.543478260869565,0.49046794,2.369565217391304,1.0434782608695652,0.782608695652174,0.8541715209898741,0.6497802086498426,6.434782608695652,0.8730353879381957,142.15217391304347,26.543478260869566,28.456521739130434,3.1521739130434785,48.0,1.8043478260869565,0.0,0.021739130434782608,74.56521739130434,17.58695652173913,0.5245450374675027,0.6625716625716626,8.391304347826088,2.5217391304347827,0.20825852782764812,54.02173913043478,29.608695652173914,2.3507720321092918,0.6319659464263722,0.08404280237205651,0.42458964892379614,1.1850429442913637,0.025130631118688896,1.3770713054615518,0.5243358204708152,-0.12457484695250573,0.3611770333803218,0.68254194157603,-0.06640888948965332,654.2391304347826,571.1739130434783,405.4130434782609,320.10869565217394,608.8695652173913,357.19565217391306
15,461,Middlesbrough,47,3,Championship,281,2023/2024,False,46,,9,12.55962,13.5,10.08695652173913,3.282608695652174,3.4130434782608696,1.3454374910696694,1.076988016133723,0.26844948335834173,0.09966203747932077,15.798523047504025,16.359308703192347,14.14117548268312,171.2826086956522,0.5281544424212565,0.8838288861249151,2.4701476114324303,32.41262501683728,0.40126382306477093,0.25965177895533686,2.3478260869565215,46.41411642890014,11.785470085470086,3.9382490551753686,0.8163238739911481,0.6798627983421466,11.76086956521739,8.73913043478261,3.217391304347826,3.0217391304347827,1.1064675021106782,0.8890309186409349,0.21743656581510667,0.09408040496205666,16.800407592999075,17.582696867226367,14.53796123257644,4.130434782608695,2.3478260869565215,5.891304347826087,0.19501191588199657,0.03310165546037174,11.978260869565217,0.05078993859174459,0.004240176206059119,0.34782608695652173,0.021981210447847843,0.06319598108530045,22.304347826086957,0.0006664176673992821,2.9878374951624732e-05,58.523273,0.8913043478260869,3.3043478260869565,2.369565217391304,0.8478260869565217,1.9782608695652173,101.67391304347827,0.2029419422025514,1.5434782608695652,0.043478260869565216,0.043478260869565216,1.3478260869565217,0.043478260869565216,0.06521739130434782,2.3478260869565215,0.08695652173913043,0.6521739130434783,0.08695652173913043,0.021739130434782608,0.391304347826087,0.021739130434782608,0.0,0.021739130434782608,0.1956521739130435,5.08695652173913,0.155227466344671,2.108695652173913,0.1956521739130435,12.4347826086957,0.0510038576979676,0.6521739130434783,0.0,0.195652173913043,0.00713529082460572,19.3913043478261,0.00406995253718418,0.06521739130434782,0.021739130434782608,0.3985239852398524,0.014760147601476014,0.0544464609800363,0.007259528130671506,0.0625,0.0009746588693957114,0.0,0.0305148006504417,0.414529914529915,0.0384615384615385,0.00410170821876793,0.0524475524475524,0.0,0.0364692641629113,0.111111111111111,0.000209885444742682,0.00336322869955157,0.00112107623318386,1.125,1.0,40.5217391304348,0.00662482654587905,0.0842274678111588,0.195652173913043,0.00482832618025751,37.1086956521739,0.00585945153976646,0.0814294083186878,0.239130434782609,0.00644405389572349,0.10869565217391304,0.06521739130434782,6.565217391304348,6.826086956521739,13.391304347826088,0.49025974,7.086956521739131,6.478260869565218,13.565217391304348,0.5224359,2.869565217391304,0.1956521739130435,0.21739130434782608,0.27303520622460736,0.23896998944489853,3.9782608695652173,0.8344489414694894,170.2173913043478,33.84782608695652,30.043478260869566,4.3478260869565215,49.78260869565217,1.8043478260869565,0.043478260869565216,0.0,88.5,24.26086956521739,0.5199233716475096,0.7167630057803468,7.456521739130435,1.9782608695652173,0.1704119850187266,46.47826086956522,39.28260869565217,1.7642426584725794,0.7743622166631015,-0.023649006677062615,0.3109152096769084,0.8840055323165396,-0.18139143984602846,1.7302407579415517,0.5409730478878254,-0.07020949078318865,0.5229892987433983,0.842061970544898,-0.10555331327992937,558.6086956521739,466.1304347826087,501.0,408.9782608695652,508.54347826086956,454.4347826086956
16,461,Millwall,44,3,Championship,281,2023/2024,False,46,,-10,-11.709642,10.891304347826088,7.130434782608695,2.869565217391304,3.760869565217391,0.9033160034729086,0.5388093438485394,0.3645066415648098,0.08293920124838214,15.889679625124751,17.47658036394817,12.880984973356213,171.2826086956522,0.4252273243127743,0.8436919083631181,2.784818818772487,50.88394309444006,0.3622222222222222,0.2991178829190056,1.826086956521739,43.155000645661154,12.557058326289095,3.4367126061135744,0.8113027201401888,0.6809473124002129,11.956521739130435,8.456521739130435,3.1739130434782608,3.5,1.0556777437096057,0.7744667649916981,0.281210963330839,0.08829304088245739,15.724415838068182,16.684040608933163,13.405819342003106,4.021739130434782,2.4565217391304346,4.434782608695652,0.20316365002856954,0.04581141471862793,10.195652173913043,0.08918903460321219,0.008747751524707656,0.391304347826087,0.02413563278463224,0.06167994605170356,21.891304347826086,0.048018326901871224,0.0021934885727731804,53.34259,0.717391304347826,1.7826086956521738,1.1521739130434783,0.8043478260869565,1.2826086956521738,108.17391304347827,0.19817595284559322,0.9782608695652174,0.021739130434782608,0.021739130434782608,1.1956521739130435,0.0,0.13043478260869565,2.0869565217391304,0.17391304347826086,0.8695652173913043,0.10869565217391304,0.043478260869565216,0.5,0.30434782608695654,0.021739130434782608,0.0,0.3695652173913043,5.69565217391304,0.194756775689514,2.1956521739130435,0.10869565217391304,14.0217391304348,0.0558629649407838,0.782608695652174,0.043478260869565216,0.326086956521739,0.0209094501181465,23.0434782608696,0.00968177290633321,0.15217391304347827,0.021739130434782608,0.47058823529411764,0.0392156862745098,0.08528784648187633,0.010660980810234541,0.111111111111111,0.013902681231380337,0.0009930486593843098,0.0341939343750932,0.385496183206107,0.0190839694656489,0.00398402583691501,0.0558139534883721,0.00310077519379845,0.0641223112742106,0.0,0.000420152410021368,0.00660377358490566,0.000943396226415094,1.27777777777778,1.13333333333333,36.9130434782609,0.00987473702402643,0.10188457008245,0.347826086956522,0.0094228504122497,43.0869565217391,0.00652659143857831,0.0812310797174571,0.173913043478261,0.00403632694248234,0.043478260869565216,0.17391304347826086,5.934782608695652,5.391304347826087,11.326086956521738,0.5239923,6.630434782608695,7.565217391304348,14.195652173913043,0.46707505,2.5217391304347827,-0.21739130434782608,-0.08695652173913043,-0.2545573938152064,-0.15236174088457358,3.0217391304347827,0.7270539328301061,176.8913043478261,28.41304347826087,29.108695652173914,3.3260869565217392,48.91304347826087,2.239130434782609,0.0,0.043478260869565216,78.0,19.891304347826086,0.4409487526115276,0.7000765110941086,8.108695652173912,2.260869565217391,0.26,32.08695652173913,42.71739130434783,1.5775285601291968,0.8017475677897101,-0.23807368273644344,0.40549834250755934,0.6468603766482809,-0.03850414911689966,1.6613343777539937,0.8017445043053316,-0.1854131430711435,0.2898420826734408,0.8262183348769727,-0.07109693432816445,397.4347826086956,288.95652173913044,545.8478260869565,442.8478260869565,351.45652173913044,494.54347826086956
17,461,Norwich City,56,3,Championship,281,2023/2024,False,48,,11,-1.2681584,13.333333333333334,9.541666666666666,3.6041666666666665,3.7916666666666665,1.2581945744653542,0.9399460065954676,0.3182485398525993,0.09436458945274354,16.408157348632812,17.193348713837338,14.432225489354396,168.16666666666666,0.48890682424709,0.850737424989378,2.245668584181961,33.89309446839081,0.4039408866995074,0.33207831325301207,1.9166666666666667,43.46390212414821,12.169086251067464,3.571665220166846,0.8198903998376293,0.700975487743872,13.729166666666666,10.104166666666666,3.25,3.625,1.2519687476257484,0.9622452653323611,0.28972348508735496,0.09119043075260515,15.774382942905918,16.30828265947165,14.286204370959052,4.104166666666667,2.9375,5.208333333333333,0.22834872578581175,0.04384295654296875,11.895833333333334,0.03958148000917087,0.0033273398354258096,0.6666666666666666,0.03996909023650611,0.059953633695840836,21.020833333333332,0.010349247138947248,0.0004923328594835355,56.766426,0.8125,2.8958333333333335,1.8958333333333333,1.2083333333333333,1.8125,98.125,0.19119139435762128,1.6458333333333333,0.041666666666666664,0.041666666666666664,1.4166666666666667,0.0625,0.10416666666666667,2.5625,0.22916666666666666,0.4166666666666667,0.020833333333333332,0.0625,0.7083333333333334,0.10416666666666667,0.041666666666666664,0.020833333333333332,0.2708333333333333,5.20833333333333,0.220854022035686,2.5833333333333335,0.1875,11.8958333333333,0.0417042332895411,0.6666666666666666,0.020833333333333332,0.25,0.00981810124358162,21.375,0.0173471285961568,0.10416666666666667,0.041666666666666664,0.492,0.044,0.03502626970227671,0.0017513134851138354,0.09375,0.004955401387512388,0.0019821605550049554,0.0424039764404297,0.496,0.036,0.00350578486815017,0.0560420315236427,0.00175131348511384,0.0392724052071571,0.0833333333333333,0.000811561506394057,0.00487329434697856,0.00194931773879142,1.0625,1.08333333333333,38.7916666666667,0.00820404425599521,0.0977443609022556,0.354166666666667,0.00912996777658432,38.7291666666667,0.00748075779693751,0.0935987089833244,0.270833333333333,0.00699300699300699,0.0625,0.10416666666666667,5.6875,5.75,11.4375,0.49726775,7.333333333333333,5.958333333333333,13.291666666666666,0.55172414,3.0,0.22916666666666666,0.2708333333333333,-0.026420005907615025,0.0062258293231328326,2.9166666666666665,0.814114627887083,157.14583333333334,30.208333333333332,27.104166666666668,3.4583333333333335,47.354166666666664,1.8333333333333333,0.020833333333333332,0.020833333333333332,73.5625,19.1875,0.4681161341641257,0.6351724137931034,9.1875,2.4791666666666665,0.25481798715203424,36.3125,43.479166666666664,1.8261245011235587,0.7421656834582487,-0.02209540627275904,0.4169599584905275,0.7670478098055659,-0.07795352399504434,1.6665044718732436,0.8433818261061484,-0.10122109258857866,0.36273652999079786,0.8318780468155941,-0.270182393801709,487.0833333333333,396.5416666666667,513.2291666666666,420.7916666666667,438.6041666666667,464.2708333333333
18,461,Southampton,25,3,Championship,281,2023/2024,False,49,,27,30.334522,15.081632653061224,11.693877551020408,3.7755102040816326,3.387755102040816,1.5217964168714018,1.2160871086680158,0.3057093078612673,0.10090393561955556,15.77206185512517,16.583669079952006,12.970560464514307,163.9795918367347,0.6498454017278007,0.875870231932028,1.950458241642971,28.081516514577594,0.5213675213675214,0.24324324324324326,5.020408163265306,48.2310494611001,8.85498742665549,5.446766566366189,0.783518242534636,0.6417025862068966,11.10204081632653,8.306122448979592,2.9591836734693877,2.795918367346939,0.9506939093069154,0.7304132550346608,0.22028067183433747,0.0856323522679946,16.845616957720587,17.426693028255528,15.119363381044709,2.7551020408163267,1.9183673469387754,7.285714285714286,0.2400778820167999,0.03295186788094144,13.73469387755102,0.04682543493655263,0.0034092811737514,0.40816326530612246,0.016966516893281013,0.04156796634197235,18.244897959183675,0.0018394654806779356,0.0001008208149364864,58.431446,0.7551020408163265,3.326530612244898,2.326530612244898,1.1020408163265305,2.020408163265306,76.75510204081633,0.20759507644753547,1.8571428571428572,0.0,0.10204081632653061,1.3061224489795917,0.04081632653061224,0.04081632653061224,2.5918367346938775,0.24489795918367346,0.3673469387755102,0.04081632653061224,0.02040816326530612,0.40816326530612246,0.02040816326530612,0.0,0.0,0.42857142857142855,4.16326530612245,0.142243314125784,1.7142857142857142,0.12244897959183673,11.469387755102,0.0440690712813212,0.5510204081632653,0.02040816326530612,0.326530612244898,0.0313687721761514,17.0816326530612,0.00259951490680782,0.10204081632653061,0.0,0.3557422969187675,0.03361344537815126,0.02674591381872214,0.0029717682020802376,0.05,0.0011185682326621924,0.0,0.0341662869733923,0.411764705882353,0.0294117647058824,0.00384232115491005,0.0480427046263345,0.00177935943060498,0.0960668697953224,0.0,0.000152181874039353,0.00597371565113501,0.0,1.0,1.3125,39.6734693877551,0.00770563745694887,0.0853909465020576,0.306122448979592,0.00771604938271605,33.0408163265306,0.0066669250874699,0.0846201358863496,0.142857142857143,0.00432365657813465,0.12244897959183673,0.061224489795918366,7.938775510204081,6.816326530612245,14.755102040816327,0.538036,4.775510204081633,4.918367346938775,9.693877551020408,0.49263158,3.0408163265306123,0.5510204081632653,0.4489795918367347,0.6190718783407795,0.5711025066521703,7.387755102040816,0.8824240636980242,130.3265306122449,28.102040816326532,26.653061224489797,3.510204081632653,45.97959183673469,2.2448979591836733,0.02040816326530612,0.04081632653061224,70.40816326530613,19.040816326530614,0.5402442843720638,0.6775599128540305,8.081632653061224,1.653061224489796,0.11141678129298486,57.89795918367347,31.46938775510204,1.9781704519932368,0.713151577860117,0.008807838723367574,0.38352736131269105,1.157283991575241,-0.2846004029317778,1.67380682302981,0.4663137518325631,-0.13041681689875467,0.6762998856661119,0.8200001486253982,-0.15824940884295774,692.0408163265306,610.6734693877551,369.734693877551,289.6938775510204,644.1428571428571,326.46938775510205
19,461,Stoke City,30,3,Championship,281,2023/2024,False,46,,-11,-1.507269,12.76086956521739,9.5,3.3260869565217392,3.260869565217391,1.1015839460103407,0.817488615522566,0.28409532773429935,0.08632514342741829,15.836433267674616,16.75217212528604,13.168583170572917,179.06521739130434,0.5059606708100438,0.8660526906053895,2.601826891990629,44.72678409776705,0.33945945945945943,0.30978660779985284,2.282608695652174,45.4732187625351,8.850523168908818,5.1379130809214635,0.7739603024574669,0.6452380952380953,11.304347826086957,8.108695652173912,2.6956521739130435,3.1956521739130435,1.1002854504015134,0.8481995592946592,0.2520858680464975,0.097332947070782,15.792857947716346,16.694202412868634,13.50576553863733,3.391304347826087,2.1739130434782608,5.913043478260869,0.18081243654065157,0.030578574713538673,11.23913043478261,0.0722566336069418,0.0064290238533536515,0.34782608695652173,0.029927366939575775,0.0860411748290062,23.065217391304348,0.0010988883795621603,4.7642663893668185e-05,52.624565,0.9347826086956522,3.0652173913043477,2.108695652173913,0.9130434782608695,1.8695652173913042,95.3695652173913,0.20732514177693762,1.065217391304348,0.021739130434782608,0.021739130434782608,1.3043478260869565,0.06521739130434782,0.10869565217391304,2.0869565217391304,0.17391304347826086,0.6739130434782609,0.043478260869565216,0.043478260869565216,0.45652173913043476,0.043478260869565216,0.0,0.043478260869565216,0.391304347826087,5.02173913043478,0.185046699707923,2.0869565217391304,0.17391304347826086,14.1739130434783,0.0389007979639522,0.6304347826086957,0.043478260869565216,0.304347826086957,0.0226256019719269,23.5434782608696,0.00551276755235765,0.08695652173913043,0.021739130434782608,0.35294117647058826,0.029411764705882353,0.059961315280464215,0.0038684719535783366,0.125,0.001885014137606032,0.0,0.0368491292515874,0.415584415584416,0.0346320346320346,0.00274453481282193,0.044478527607362,0.00306748466257669,0.0743412630898612,0.142857142857143,0.000234152636699729,0.00369344413665743,0.000923361034164358,1.3125,1.28571428571429,40.5652173913044,0.00700342284649259,0.0803858520900322,0.260869565217391,0.00643086816720257,43.0434782608696,0.00585653998635032,0.0742424242424242,0.282608695652174,0.00656565656565657,0.08695652173913043,0.13043478260869565,5.630434782608695,5.086956521739131,10.717391304347826,0.525355,6.8478260869565215,6.391304347826087,13.23913043478261,0.51724136,2.760869565217391,-0.2391304347826087,-0.1956521739130435,-0.032766716635745506,0.0012984910736913266,4.130434782608695,0.7654073694507849,165.5,32.76086956521739,29.108695652173914,3.108695652173913,49.45652173913044,2.391304347826087,0.06521739130434782,0.0,84.6304347826087,22.73913043478261,0.5113621437015631,0.6940942269409422,9.152173913043478,2.5,0.23092369477911648,40.67391304347826,37.23913043478261,1.636642354014127,0.8018307569234268,-0.22196062241235506,0.48931085334523866,0.7017198060639203,-0.13425857436073863,1.7231581729391348,0.6632775570387426,-0.009421671133326448,0.3594110583704289,0.7535873544604882,-0.04364203090738991,466.67391304347825,357.19565217391306,460.0,356.0217391304348,416.5652173913044,407.1521739130435
20,461,Sunderland,41,3,Championship,281,2023/2024,False,46,,-2,10.143292,14.478260869565217,10.41304347826087,4.108695652173913,4.065217391304348,1.1577560065881065,0.8270909190177917,0.3306650974301864,0.07996512175322296,17.21067063156907,17.549523339639876,16.34268074239639,170.54347826086956,0.5540494835922894,0.8632998056136406,2.315344115328989,33.80317498763193,0.4612676056338028,0.2967848309975268,2.869565217391304,44.817336814990945,10.71085409252669,4.1842916006354205,0.7909018751860304,0.6288832913518052,10.956521739130435,8.08695652173913,2.739130434782609,2.869565217391304,0.9883474905205809,0.7492773263188808,0.23907017910286135,0.09020631275479755,16.216420007130456,16.848214098202284,14.43591123638731,2.9782608695652173,1.6956521739130435,6.043478260869565,0.20137234906787457,0.03332060189555875,13.847826086956522,0.08840838127324115,0.006384278391743754,0.7391304347826086,0.04088436693722463,0.05531414116130156,21.58695652173913,0.0,0.0,55.936237,1.0434782608695652,3.3478260869565215,2.0434782608695654,0.8043478260869565,1.6521739130434783,95.6304347826087,0.21822601448556406,1.1304347826086958,0.021739130434782608,0.13043478260869565,1.173913043478261,0.021739130434782608,0.043478260869565216,2.282608695652174,0.15217391304347827,0.9130434782608695,0.10869565217391304,0.0,0.8695652173913043,0.0,0.0,0.0,0.2391304347826087,4.41304347826087,0.151367393889181,1.826086956521739,0.10869565217391304,11.5652173913043,0.0785736107145962,0.7391304347826086,0.13043478260869565,0.239130434782609,0.00796292951006604,19.5434782608696,0.00116624488778736,0.06521739130434782,0.0,0.3776978417266187,0.025179856115107913,0.06593406593406594,0.007849293563579277,0.0,0.0,0.0,0.0343000031457159,0.413793103448276,0.0246305418719212,0.00679395880017962,0.0639097744360902,0.0112781954887218,0.0332995246757161,0.0,5.96743769056938e-05,0.00333704115684093,0.0,1.17647058823529,1.0,42.2173913043478,0.0078324382754482,0.0962924819773429,0.260869565217391,0.00617919670442842,35.7608695652174,0.00668524594292452,0.0802431610942249,0.239130434782609,0.00668693009118541,0.13043478260869565,0.06521739130434782,9.326086956521738,7.456521739130435,16.782608695652176,0.55569947,6.869565217391305,6.5,13.369565217391305,0.5138211,3.1521739130434785,-0.043478260869565216,-0.13043478260869565,0.22050634026527405,0.16940851056057474,4.760869565217392,0.8350012008646225,161.0,30.152173913043477,28.804347826086957,4.304347826086956,48.08695652173913,2.0217391304347827,0.043478260869565216,0.0,78.6304347826087,20.217391304347824,0.4883877936807994,0.6705118961788031,7.826086956521739,1.7826086956521738,0.1867881548974943,48.08695652173913,34.08695652173913,1.6475407630205154,0.40605574056668126,-0.18696690051128034,0.31754979296870856,1.1599386373291845,-0.04903642895995923,1.8768979997738549,0.5818691854972554,0.03182821259226488,0.46614819902764715,0.7873992864852366,0.0096887007922582,543.0869565217391,453.4782608695652,438.2173913043478,346.5869565217391,493.17391304347825,392.67391304347825
21,461,Swansea City,26,3,Championship,281,2023/2024,False,46,,-6,-5.308909,11.652173913043478,7.5,2.8260869565217392,4.1521739130434785,1.0898484328518743,0.7404581324561782,0.3493902938359458,0.09353178650585574,15.601945108442164,16.813915307971016,13.412781720386125,177.2608695652174,0.5475932613866538,0.8777445670071737,2.5616407852928367,36.73992919921875,0.3668032786885246,0.34609250398724084,2.3478260869565215,45.484982357704766,10.168808911739504,4.4729901753974435,0.7816293696065526,0.6507666098807495,13.347826086956522,9.91304347826087,3.0869565217391304,3.4347826086956523,1.239324736206428,0.930687477812171,0.30863726884126663,0.0928484453828793,15.19706045144544,16.1349380225466,12.490268369264241,4.934782608695652,3.369565217391304,5.304347826086956,0.20347869226142115,0.03836073640917168,14.021739130434783,0.11651343131518882,0.00830948556116385,0.30434782608695654,0.02036721364635488,0.06692083818571908,22.717391304347824,0.009030953697536303,0.00039753480391068895,54.915375,0.6521739130434783,1.826086956521739,1.7608695652173914,1.0869565217391304,2.217391304347826,89.58695652173913,0.2009165813465945,1.2826086956521738,0.043478260869565216,0.08695652173913043,1.4130434782608696,0.043478260869565216,0.10869565217391304,2.8043478260869565,0.1956521739130435,0.9130434782608695,0.043478260869565216,0.021739130434782608,0.3695652173913043,0.06521739130434782,0.0,0.0,0.2826086956521739,5.04347826086957,0.207759265170392,2.369565217391304,0.13043478260869565,11.8260869565217,0.0562215504115042,0.5434782608695652,0.08695652173913043,0.260869565217391,0.0130297176985313,22.8695652173913,0.0316267386483757,0.2391304347826087,0.06521739130434782,0.5286885245901639,0.036885245901639344,0.06511627906976744,0.0031007751937984496,0.0714285714285714,0.0028708133971291866,0.0,0.0411936455759509,0.469827586206897,0.0258620689655172,0.00475402833784328,0.0459558823529412,0.00735294117647059,0.0499472469091415,0.0,0.00138291829892438,0.0104562737642586,0.00285171102661597,1.21428571428571,1.08333333333333,42.3478260869565,0.00825049010635157,0.0980492813141684,0.260869565217391,0.00616016427104723,40.0,0.00771593270094498,0.0858695652173913,0.282608695652174,0.00706521739130435,0.15217391304347827,0.10869565217391304,5.608695652173913,6.0,11.608695652173912,0.48314607,6.391304347826087,5.565217391304348,11.956521739130435,0.5345455,3.260869565217391,-0.13043478260869565,-0.10869565217391304,-0.11541108722272127,-0.1494763046503067,2.8260869565217392,0.810741059358486,155.97826086956522,30.652173913043477,25.47826086956522,3.239130434782609,45.91304347826087,2.0217391304347827,0.06521739130434782,0.021739130434782608,79.17391304347827,20.934782608695652,0.507595818815331,0.6829787234042554,9.434782608695652,2.1521739130434785,0.24087591240875914,39.23913043478261,36.130434782608695,1.635478091466686,0.6360329383093378,-0.13378237803345142,0.46275848445846984,0.7677352185482564,-0.0994276007430421,1.7261711120929406,0.6967317604500315,-0.16239968792575857,0.3392852867912987,0.9245605727090783,-0.07220779718709705,530.6739130434783,430.2391304347826,445.89130434782606,348.5217391304348,478.5652173913044,396.10869565217394
22,461,Watford,23,3,Championship,281,2023/2024,False,46,,0,-4.1152425,13.434782608695652,10.369565217391305,4.695652173913044,3.0652173913043477,1.104876472250275,0.8491458131567292,0.2557306460145375,0.08223999048128097,17.74810060173948,18.74193977659853,14.38594650376773,175.34782608695653,0.5190897043033099,0.8487234121907009,2.305182244780794,33.720140717855216,0.3826219512195122,0.3338473400154202,2.217391304347826,43.50737435289042,10.92287467134093,3.9831432349071627,0.791445108465484,0.6479693486590038,12.478260869565217,8.41304347826087,3.4130434782608696,4.065217391304348,1.0921426263192426,0.7660479480805604,0.3260946791295124,0.08752362985644191,16.384627817399824,17.467268754037466,14.144080830130347,3.1739130434782608,2.1739130434782608,5.130434782608695,0.20084672996207423,0.03914809226989746,11.608695652173912,0.0343277911534128,0.002957075276178367,0.34782608695652173,0.014928918615307497,0.042920637875795364,22.58695652173913,0.00562720713408097,0.00024913525328943656,54.811043,1.3043478260869565,3.391304347826087,1.6521739130434783,0.8260869565217391,1.7826086956521738,95.32608695652173,0.20634323090678086,1.326086956521739,0.06521739130434782,0.021739130434782608,1.326086956521739,0.0,0.06521739130434782,2.0,0.1956521739130435,0.6086956521739131,0.0,0.0,0.34782608695652173,0.10869565217391304,0.043478260869565216,0.06521739130434782,0.5217391304347826,4.67391304347826,0.174432078092966,2.239130434782609,0.15217391304347827,13.5,0.110018797866676,1.108695652173913,0.043478260869565216,0.5,0.0270250788889825,22.3260869565217,0.014618725232456,0.1956521739130435,0.0,0.3898305084745763,0.038135593220338986,0.052434456928838954,0.0,0.0,0.004812319538017324,0.0019249278152069298,0.0373203499372615,0.47906976744186,0.0325581395348837,0.00814954094264818,0.0821256038647343,0.00322061191626409,0.0540501553079356,0.130434782608696,0.000654782211188564,0.00876338851022395,0.0,1.0,1.04347826086957,39.6739130434783,0.00644581415881849,0.0772602739726027,0.239130434782609,0.00602739726027397,41.0,0.00795352901406152,0.0991516436903499,0.260869565217391,0.0063626723223754,0.021739130434782608,0.15217391304347827,7.304347826086956,6.260869565217392,13.565217391304348,0.53846157,6.456521739130435,6.826086956521739,13.282608695652174,0.48608837,2.717391304347826,0.0,0.10869565217391304,-0.08946181218261304,0.012733847226785578,4.1521739130434785,0.8049165935030729,155.80434782608697,27.97826086956522,27.67391304347826,2.9130434782608696,47.891304347826086,2.239130434782609,0.021739130434782608,0.043478260869565216,73.23913043478261,17.934782608695652,0.47007115948095435,0.6410256410256411,9.41304347826087,2.391304347826087,0.2422907488986784,43.369565217391305,37.19565217391305,1.5849325741114824,0.5981634512705647,-0.22501361864092556,0.36742617230376473,0.8123271173757055,0.032029135658218445,1.7400045848411063,0.6672710586015297,0.07332448434570561,0.5178136700845283,0.7917517420997762,-0.31015606633508985,495.2173913043478,398.60869565217394,461.9782608695652,365.6304347826087,447.0,410.89130434782606
23,461,West Bromwich Albion,27,3,Championship,281,2023/2024,False,48,,21,7.6310806,11.5625,7.666666666666667,3.1458333333333335,3.8958333333333335,1.1179043482989073,0.7470902955780426,0.370814039837569,0.09668361904384853,15.629493947072072,17.04139112389606,12.85101416276738,163.625,0.5154250469273727,0.8533888003833111,2.290924509344957,34.46133933911483,0.375609756097561,0.3230769230769231,2.125,43.73991909067086,14.39084132055378,3.03942751617997,0.803975898315521,0.6501492537313432,10.916666666666666,7.958333333333333,3.1458333333333335,2.9583333333333335,0.9099547530834874,0.7045183949327717,0.20543635492989173,0.08335462235312426,16.570959193105917,17.322900901914267,14.548128369828346,3.3333333333333335,2.0416666666666665,5.75,0.24100373388500884,0.04191369595734969,12.645833333333334,0.03479803570856651,0.002751739060466333,0.3125,0.021085865950832765,0.06747477054595948,22.833333333333332,0.07392640506926303,0.0032376529526536484,55.24399,0.6875,1.8541666666666667,1.5416666666666667,0.625,1.5208333333333333,75.25,0.1588600079166117,1.4791666666666667,0.0,0.10416666666666667,1.0416666666666667,0.041666666666666664,0.08333333333333333,2.625,0.16666666666666666,0.5,0.020833333333333332,0.041666666666666664,0.3541666666666667,0.4166666666666667,0.10416666666666667,0.020833333333333332,0.5,5.29166666666667,0.132103800133336,1.8958333333333333,0.22916666666666666,9.35416666666667,0.0443954669948046,0.5208333333333334,0.020833333333333332,0.4375,0.0257484452643742,20.2708333333333,0.00318864267319441,0.041666666666666664,0.0,0.45652173913043476,0.028985507246376812,0.039538714991762765,0.0016474464579901153,0.133333333333333,0.01824817518248175,0.004562043795620438,0.0249645015386146,0.358267716535433,0.0433070866141732,0.00474606324941384,0.0556792873051225,0.0022271714922049,0.058853580838158,0.0476190476190476,0.000157302002377525,0.00205549845837616,0.0,1.13333333333333,1.14285714285714,41.5416666666667,0.00892631699113454,0.0937813440320963,0.333333333333333,0.00802407221664995,35.3541666666667,0.00581081179077652,0.0836770771950501,0.270833333333333,0.00766057748968768,0.10416666666666667,0.16666666666666666,6.395833333333333,6.8125,13.208333333333334,0.48422712,5.229166666666667,4.916666666666667,10.145833333333334,0.5154004,3.0208333333333335,0.4375,0.375,0.15898083026210466,0.20794959117968878,3.5208333333333335,0.8182501880170469,122.8125,23.791666666666668,21.479166666666668,2.6458333333333335,39.229166666666664,1.7291666666666667,0.020833333333333332,0.0,62.895833333333336,16.104166666666668,0.5121289228159457,0.6768826619964974,8.75,2.6458333333333335,0.27850877192982454,39.416666666666664,36.375,1.3966396595351398,0.7019049522156516,-0.21042906562797725,0.32053083755696815,0.796094648151969,-0.21146175055764616,1.2477481712897618,0.5519321916314462,-0.20369031598481038,0.3535156804136932,0.7824439099058509,-0.2365455118318399,498.625,408.0,473.6875,380.8333333333333,449.0208333333333,428.9791666666667
